score, window_size, features, neighbors,,,,,,,,,,,,
0.8376552426308743,30, ['h', 's', 'v', 'h_mf', 's_mf', 'v_mf', 'h_variance', 's_variance', 'v_variance', 'entropy'],5,,,
0.8371536937581874,30, ['h', 's', 'v', 'h_mf', 's_mf', 'v_mf', 'h_variance', 's_variance', 'v_variance', 'entropy'],10,,,
0.8346410761346206,30, ['h', 's', 'v', 'h_mf', 's_mf', 'v_mf', 'h_variance', 's_variance', 'v_variance', 'entropy'],25,,,
0.8345945512874033,30, ['R', 'G', 'B', 'R_mf', 'G_mf', 'B_mf', 'R_variance', 'G_variance', 'B_variance', 'entropy'],5,,,
0.8326657347938127,30, ['R', 'G', 'B', 'R_mf', 'G_mf', 'B_mf', 'R_variance', 'G_variance', 'B_variance', 'entropy'],10,,,
0.831245851668428,30, ['R', 'G', 'B', 'R_mf', 'G_mf', 'B_mf', 'R_variance', 'G_variance', 'B_variance', 'entropy'],25,,,
0.8308172498025563,30, ['h', 's', 'v', 'h_mf', 's_mf', 'v_mf', 'h_variance', 's_variance', 'v_variance', 'entropy'],50,,,
0.8304201180002924,30, ['h', 's', 'v', 'h_mf', 's_mf', 'v_mf', 'entropy'],25,,,,,,
0.8282370875717125,30, ['R', 'G', 'B', 'R_mf', 'G_mf', 'B_mf', 'entropy'],25,,,,,,
0.8281428179460225,30, ['h', 's', 'v', 'h_mf', 's_mf', 'v_mf', 'entropy'],50,,,,,,
0.8279433387749652,30, ['R', 'G', 'B', 'R_mf', 'G_mf', 'B_mf', 'R_variance', 'G_variance', 'B_variance', 'entropy'],50,,,
0.8277486089165674,30, ['h', 's', 'v', 'h_mf', 's_mf', 'v_mf', 'entropy'],10,,,,,,
0.8260360049514659,30, ['R', 'G', 'B', 'R_mf', 'G_mf', 'B_mf', 'entropy'],5,,,,,,
0.8259330456859084,30, ['R', 'G', 'B', 'R_mf', 'G_mf', 'B_mf', 'entropy'],10,,,,,,
0.8257491002994038,30, ['R', 'G', 'B', 'R_mf', 'G_mf', 'B_mf', 'entropy'],50,,,,,,
0.8253097868174406,30, ['h', 's', 'v', 'h_mf', 's_mf', 'v_mf', 'entropy'],5,,,,,,
0.8253030823326534,30, ['h', 's', 'v', 'h_mf', 's_mf', 'v_mf', 'h_variance', 's_variance', 'v_variance', 'entropy'],100,,,
0.8242853041584814,30, ['h', 's', 'v', 'h_mf', 's_mf', 'v_mf', 'entropy'],100,,,,,,
0.8242639373430065,30, ['R', 'G', 'B', 'R_mf', 'G_mf', 'B_mf', 'R_variance', 'G_variance', 'B_variance'],5,,,,
0.8235995037226643,30, ['h', 's', 'v', 'h_mf', 's_mf', 'v_mf', 'h_variance', 's_variance', 'v_variance'],5,,,,
0.8234823069048295,30, ['h', 's', 'v', 'h_mf', 's_mf', 'v_mf', 'h_variance', 's_variance', 'v_variance'],10,,,,
0.8232353991159206,30, ['R', 'G', 'B', 'R_mf', 'G_mf', 'B_mf', 'R_variance', 'G_variance', 'B_variance', 'entropy'],100,,,
0.8227379517784797,30, ['R', 'G', 'B', 'R_mf', 'G_mf', 'B_mf', 'R_variance', 'G_variance', 'B_variance'],10,,,,
0.8224093483119826,30, ['R', 'G', 'B', 'R_mf', 'G_mf', 'B_mf', 'entropy'],100,,,,,,
0.8218788718657755,30, ['R', 'G', 'B', 'R_mf', 'G_mf', 'B_mf', 'R_variance', 'G_variance', 'B_variance'],25,,,,
0.8215122500864414,30, ['h', 's', 'v', 'h_mf', 's_mf', 'v_mf', 'h_variance', 's_variance', 'v_variance'],25,,,,
0.8190847241441348,30, ['R', 'G', 'B', 'R_mf', 'G_mf', 'B_mf', 'R_variance', 'G_variance', 'B_variance'],50,,,,
0.8183717951432652,30, ['h', 's', 'v', 'h_mf', 's_mf', 'v_mf', 'h_variance', 's_variance', 'v_variance'],50,,,,
0.8173424287918128,30, ['R', 'G', 'B', 'R_mf', 'G_mf', 'B_mf', 'entropy'],300,,,,,,
0.8166729098534401,30, ['h', 's', 'v', 'h_mf', 's_mf', 'v_mf', 'entropy'],300,,,,,,
0.8161845826569922,30, ['h', 's', 'v', 'h_mf', 's_mf', 'v_mf', 'h_variance', 's_variance', 'v_variance', 'entropy'],300,,,
0.8156019945476326,30, ['R', 'G', 'B', 'R_mf', 'G_mf', 'B_mf', 'R_variance', 'G_variance', 'B_variance', 'entropy'],300,,,
0.8152903741844035,30, ['h', 's', 'v', 'h_mf', 's_mf', 'v_mf', 'h_variance', 's_variance', 'v_variance'],100,,,,
0.8150136040374149,30, ['R', 'G', 'B', 'R_mf', 'G_mf', 'B_mf'],25,,,,,,,
0.8150029877152997,30, ['R', 'G', 'B', 'R_mf', 'G_mf', 'B_mf', 'R_variance', 'G_variance', 'B_variance'],100,,,,
0.8146470833699487,30, ['h', 's', 'v', 'h_mf', 's_mf', 'v_mf'],25,,,,,,,
0.8145137377461408,30, ['R', 'G', 'B', 'R_mf', 'G_mf', 'B_mf'],50,,,,,,,
0.8142516796344095,30, ['h', 's', 'v', 'h_mf', 's_mf', 'v_mf'],50,,,,,,,
0.8133093691407475,30, ['R', 'G', 'B', 'R_mf', 'G_mf', 'B_mf'],100,,,,,,,
0.8125757704558055,30, ['R', 'G', 'B', 'R_mf', 'G_mf', 'B_mf'],10,,,,,,,
0.8120079434124321,30, ['h', 's', 'v', 'h_mf', 's_mf', 'v_mf'],100,,,,,,,
0.8118223354879138,30, ['R', 'G', 'B', 'R_mf', 'G_mf', 'B_mf'],5,,,,,,,
0.8116787251849391,30, ['h', 's', 'v', 'h_mf', 's_mf', 'v_mf'],10,,,,,,,
0.8095411742027537,30, ['R', 'G', 'B', 'R_mf', 'G_mf', 'B_mf'],300,,,,,,,
0.8093938130420104,30, ['R', 'G', 'B', 'R_mf', 'G_mf', 'B_mf', 'R_variance', 'G_variance', 'B_variance'],300,,,,
0.8087483489966653,30, ['h', 's', 'v', 'h_mf', 's_mf', 'v_mf'],5,,,,,,,
0.8085153152458971,30, ['h', 's', 'v', 'h_mf', 's_mf', 'v_mf', 'h_variance', 's_variance', 'v_variance'],300,,,,
0.8075912405472693,30, ['h', 's', 'v', 'h_mf', 's_mf', 'v_mf'],300,,,,,,,
0.803868805429486,30, ['L', 'a', 'b', 'L_mf', 'a_mf', 'b_mf', 'entropy'],5,,,,,,
0.8029826826161923,30, ['L', 'a', 'b', 'L_mf', 'a_mf', 'b_mf'],5,,,,,,,
0.8023954716708271,30, ['L', 'a', 'b', 'L_mf', 'a_mf', 'b_mf', 'entropy'],25,,,,,,
0.8023019850517168,30, ['L', 'a', 'b', 'L_mf', 'a_mf', 'b_mf'],25,,,,,,,
0.8020754381951585,30, ['L', 'a', 'b', 'L_mf', 'a_mf', 'b_mf', 'entropy'],10,,,,,,
0.8017375681460306,30, ['L', 'a', 'b', 'L_mf', 'a_mf', 'b_mf'],10,,,,,,,
0.8015431076136388,30, ['L', 'a', 'b', 'L_mf', 'a_mf', 'b_mf', 'entropy'],50,,,,,,
0.8010784816506107,30, ['L', 'a', 'b', 'L_mf', 'a_mf', 'b_mf'],50,,,,,,,
0.7985030105815523,30, ['L', 'a', 'b', 'L_mf', 'a_mf', 'b_mf', 'entropy'],100,,,,,,
0.7980877446855719,30, ['L', 'a', 'b', 'L_mf', 'a_mf', 'b_mf'],100,,,,,,,
0.7977610102491859,15, ['R', 'G', 'B', 'R_mf', 'G_mf', 'B_mf', 'R_variance', 'G_variance', 'B_variance', 'entropy'],10,,,
0.7970100240227183,30, ['h', 's', 'v', 'h_mf', 's_mf', 'v_mf', 'h_edge', 's_edge', 'v_edge', 'h_variance', 's_variance', 'v_variance', 'entropy'],5
0.7969234030084335,15, ['R', 'G', 'B', 'R_mf', 'G_mf', 'B_mf', 'R_variance', 'G_variance', 'B_variance', 'entropy'],5,,,
0.7963315925350758,15, ['R', 'G', 'B', 'R_mf', 'G_mf', 'B_mf', 'R_variance', 'G_variance', 'B_variance', 'entropy'],25,,,
0.7951689203360517,15, ['h', 's', 'v', 'h_mf', 's_mf', 'v_mf', 'h_variance', 's_variance', 'v_variance', 'entropy'],10,,,
0.7951228576649848,15, ['h', 's', 'v', 'h_mf', 's_mf', 'v_mf', 'h_variance', 's_variance', 'v_variance', 'entropy'],25,,,
0.7942847222911376,30, ['L', 'a', 'b', 'L_mf', 'a_mf', 'b_mf', 'entropy'],300,,,,,,
0.794154159727655,30, ['R', 'G', 'B', 'R_mf', 'G_mf', 'B_mf', 'R_edge', 'G_edge', 'B_edge', 'R_variance', 'G_variance', 'B_variance', 'entropy'],5
0.7941406780280373,15, ['h', 's', 'v', 'h_mf', 's_mf', 'v_mf', 'h_variance', 's_variance', 'v_variance', 'entropy'],50,,,
0.7940837390240821,30, ['L', 'a', 'b', 'L_mf', 'a_mf', 'b_mf'],300,,,,,,,
0.7936712526800835,15, ['R', 'G', 'B', 'R_mf', 'G_mf', 'B_mf', 'R_variance', 'G_variance', 'B_variance', 'entropy'],50,,,
0.7933483269671795,30, ['h', 's', 'v', 'h_mf', 's_mf', 'v_mf', 'h_edge', 's_edge', 'v_edge', 'entropy'],5,,,
0.7930472276359978,30, ['h', 's', 'v', 'h_mf', 's_mf', 'v_mf', 'h_edge', 's_edge', 'v_edge', 'h_variance', 's_variance', 'v_variance', 'entropy'],10
0.7926527528669816,15, ['R', 'G', 'B', 'R_mf', 'G_mf', 'B_mf', 'entropy'],25,,,,,,
0.7923537155517473,15, ['h', 's', 'v', 'h_mf', 's_mf', 'v_mf', 'entropy'],25,,,,,,
0.7920758396195536,15, ['R', 'G', 'B', 'R_mf', 'G_mf', 'B_mf', 'entropy'],10,,,,,,
0.7916459212461417,30, ['R', 'G', 'B', 'R_mf', 'G_mf', 'B_mf', 'R_edge', 'G_edge', 'B_edge', 'R_variance', 'G_variance', 'B_variance', 'entropy'],10
0.7915280911701666,30, ['h', 's', 'v', 'h_mf', 's_mf', 'v_mf', 'h_edge', 's_edge', 'v_edge', 'h_variance', 's_variance', 'v_variance'],5,
0.7913161892057149,15, ['h', 's', 'v', 'h_mf', 's_mf', 'v_mf', 'entropy'],50,,,,,,
0.7912411344272631,15, ['h', 's', 'v', 'h_mf', 's_mf', 'v_mf', 'h_variance', 's_variance', 'v_variance', 'entropy'],5,,,
0.7911071034734696,15, ['h', 's', 'v', 'h_mf', 's_mf', 'v_mf', 'h_variance', 's_variance', 'v_variance', 'entropy'],100,,,
0.7910252937391009,30, ['h', 's', 'v', 'h_mf', 's_mf', 'v_mf', 'h_edge', 's_edge', 'v_edge', 'entropy'],10,,,
0.790885929946368,15, ['R', 'G', 'B', 'R_mf', 'G_mf', 'B_mf', 'entropy'],50,,,,,,
0.7907767205492906,30, ['R', 'G', 'B', 'R_mf', 'G_mf', 'B_mf', 'R_edge', 'G_edge', 'B_edge', 'R_variance', 'G_variance', 'B_variance'],5,
0.7904748113882859,15, ['R', 'G', 'B', 'R_mf', 'G_mf', 'B_mf', 'entropy'],5,,,,,,
0.7903846803848313,30, ['R', 'G', 'B', 'R_mf', 'G_mf', 'B_mf', 'R_edge', 'G_edge', 'B_edge', 'entropy'],5,,,
0.7902947759797013,15, ['R', 'G', 'B', 'R_mf', 'G_mf', 'B_mf', 'R_variance', 'G_variance', 'B_variance', 'entropy'],100,,,
0.7898145136369871,15, ['h', 's', 'v', 'h_mf', 's_mf', 'v_mf', 'entropy'],10,,,,,,
0.7896056209488795,30, ['R', 'G', 'B', 'R_mf', 'G_mf', 'B_mf', 'R_edge', 'G_edge', 'B_edge', 'entropy'],10,,,
0.7889039230973005,15, ['R', 'G', 'B', 'R_mf', 'G_mf', 'B_mf', 'entropy'],100,,,,,,
0.7887568334812987,15, ['h', 's', 'v', 'h_mf', 's_mf', 'v_mf', 'entropy'],100,,,,,,
0.788635884118162,30, ['R', 'G', 'B', 'R_mf', 'G_mf', 'B_mf', 'R_edge', 'G_edge', 'B_edge', 'R_variance', 'G_variance', 'B_variance'],10,
0.7879345451826173,30, ['h', 's', 'v', 'h_mf', 's_mf', 'v_mf', 'h_edge', 's_edge', 'v_edge'],5,,,,
0.787843816547594,30, ['h', 's', 'v', 'h_mf', 's_mf', 'v_mf', 'h_edge', 's_edge', 'v_edge', 'h_variance', 's_variance', 'v_variance'],10,
0.7871014063208032,30, ['R', 'G', 'B', 'R_mf', 'G_mf', 'B_mf', 'R_edge', 'G_edge', 'B_edge'],10,,,,
0.7867231320585123,30, ['R', 'G', 'B', 'R_mf', 'G_mf', 'B_mf', 'R_edge', 'G_edge', 'B_edge'],5,,,,
0.7864327587442014,30, ['R', 'G', 'B', 'R_mf', 'G_mf', 'B_mf', 'R_edge', 'G_edge', 'B_edge', 'R_variance', 'G_variance', 'B_variance', 'entropy'],25
0.7858093557793967,15, ['R', 'G', 'B', 'R_mf', 'G_mf', 'B_mf', 'R_variance', 'G_variance', 'B_variance', 'entropy'],300,,,
0.785678874231956,30, ['h', 's', 'v', 'h_mf', 's_mf', 'v_mf', 'h_edge', 's_edge', 'v_edge'],10,,,,
0.7856585701755873,15, ['h', 's', 'v', 'h_mf', 's_mf', 'v_mf', 'h_variance', 's_variance', 'v_variance', 'entropy'],300,,,
0.7852598416577284,15, ['R', 'G', 'B', 'R_mf', 'G_mf', 'B_mf', 'entropy'],300,,,,,,
0.7851724679182276,15, ['h', 's', 'v', 'h_mf', 's_mf', 'v_mf', 'entropy'],5,,,,,,
0.7848485236990359,30, ['R', 'G', 'B', 'R_mf', 'G_mf', 'B_mf', 'R_edge', 'G_edge', 'B_edge', 'entropy'],25,,,
0.7840621606806008,15, ['h', 's', 'v', 'h_mf', 's_mf', 'v_mf', 'entropy'],300,,,,,,
0.7836364311054479,30, ['R', 'G', 'B', 'R_mf', 'G_mf', 'B_mf', 'R_edge', 'G_edge', 'B_edge', 'R_variance', 'G_variance', 'B_variance'],25,
0.7835793050220577,30, ['h', 's', 'v', 'h_mf', 's_mf', 'v_mf', 'h_edge', 's_edge', 'v_edge', 'h_variance', 's_variance', 'v_variance', 'entropy'],25
0.7822612280532714,30, ['h', 's', 'v', 'h_mf', 's_mf', 'v_mf', 'h_edge', 's_edge', 'v_edge', 'entropy'],25,,,
0.7818612039951818,30, ['R', 'G', 'B', 'R_mf', 'G_mf', 'B_mf', 'R_edge', 'G_edge', 'B_edge'],25,,,,
0.78108023611923,15, ['R', 'G', 'B', 'R_mf', 'G_mf', 'B_mf', 'R_variance', 'G_variance', 'B_variance'],10,,,,
0.77971531820839,15, ['R', 'G', 'B', 'R_mf', 'G_mf', 'B_mf', 'R_variance', 'G_variance', 'B_variance'],25,,,,
0.7793161215013893,30, ['h', 's', 'v', 'h_mf', 's_mf', 'v_mf', 'h_edge', 's_edge', 'v_edge', 'h_variance', 's_variance', 'v_variance'],25,
0.7791413593365729,30, ['R', 'G', 'B', 'R_mf', 'G_mf', 'B_mf', 'R_edge', 'G_edge', 'B_edge', 'R_variance', 'G_variance', 'B_variance', 'entropy'],50
0.7788595885676117,15, ['R', 'G', 'B', 'R_mf', 'G_mf', 'B_mf', 'R_variance', 'G_variance', 'B_variance'],5,,,,
0.7783192645914332,30, ['R', 'G', 'B', 'R_mf', 'G_mf', 'B_mf', 'R_edge', 'G_edge', 'B_edge', 'entropy'],50,,,
0.7774525701375117,30, ['h', 's', 'v', 'h_mf', 's_mf', 'v_mf', 'h_edge', 's_edge', 'v_edge'],25,,,,
0.7773478044300876,15, ['R', 'G', 'B', 'R_mf', 'G_mf', 'B_mf', 'R_variance', 'G_variance', 'B_variance'],50,,,,
0.7773092393273751,15, ['h', 's', 'v', 'h_mf', 's_mf', 'v_mf', 'h_variance', 's_variance', 'v_variance'],25,,,,
0.7769715891298355,15, ['h', 's', 'v', 'h_mf', 's_mf', 'v_mf', 'h_variance', 's_variance', 'v_variance'],10,,,,
0.7767800503491573,15, ['h', 's', 'v', 'h_mf', 's_mf', 'v_mf', 'h_variance', 's_variance', 'v_variance'],50,,,,
0.7767783301241176,30, ['R', 'G', 'B', 'R_mf', 'G_mf', 'B_mf', 'R_edge', 'G_edge', 'B_edge', 'R_variance', 'G_variance', 'B_variance'],50,
0.7756603381781276,30, ['R', 'G', 'B', 'R_mf', 'G_mf', 'B_mf', 'R_edge', 'G_edge', 'B_edge'],50,,,,
0.7754888704901964,30, ['h', 's', 'v', 'h_mf', 's_mf', 'v_mf', 'h_edge', 's_edge', 'v_edge', 'h_variance', 's_variance', 'v_variance', 'entropy'],50
0.775344462271082,15, ['h', 's', 'v', 'h_mf', 's_mf', 'v_mf', 'h_variance', 's_variance', 'v_variance'],100,,,,
0.7750424880724354,15, ['R', 'G', 'B', 'R_mf', 'G_mf', 'B_mf'],25,,,,,,,
0.7748713753775492,15, ['R', 'G', 'B', 'R_mf', 'G_mf', 'B_mf', 'R_variance', 'G_variance', 'B_variance'],100,,,,
0.7748363193786157,30, ['h', 's', 'v', 'h_mf', 's_mf', 'v_mf', 'h_edge', 's_edge', 'v_edge', 'entropy'],50,,,
0.7747315208345532,15, ['h', 's', 'v', 'h_mf', 's_mf', 'v_mf'],50,,,,,,,
0.7740981951988307,15, ['R', 'G', 'B', 'R_mf', 'G_mf', 'B_mf'],50,,,,,,,
0.7740637524729697,15, ['h', 's', 'v', 'h_mf', 's_mf', 'v_mf'],25,,,,,,,
0.7739783518487812,15, ['R', 'G', 'B', 'R_mf', 'G_mf', 'B_mf'],10,,,,,,,
0.7737783508867144,15, ['h', 's', 'v', 'h_mf', 's_mf', 'v_mf'],100,,,,,,,
0.772837001830491,15, ['h', 's', 'v', 'h_mf', 's_mf', 'v_mf', 'h_variance', 's_variance', 'v_variance'],5,,,,
0.7724459911571947,15, ['R', 'G', 'B', 'R_mf', 'G_mf', 'B_mf'],100,,,,,,,
0.772098823873097,15, ['R', 'G', 'B', 'R_mf', 'G_mf', 'B_mf', 'R_variance', 'G_variance', 'B_variance'],300,,,,
0.7719164025320324,15, ['h', 's', 'v', 'h_mf', 's_mf', 'v_mf', 'h_variance', 's_variance', 'v_variance'],300,,,,
0.7716236019425577,30, ['h', 's', 'v', 'h_mf', 's_mf', 'v_mf', 'h_edge', 's_edge', 'v_edge', 'h_variance', 's_variance', 'v_variance'],50,
0.7713283262494038,30, ['R', 'G', 'B', 'R_mf', 'G_mf', 'B_mf', 'R_edge', 'G_edge', 'B_edge', 'R_variance', 'G_variance', 'B_variance', 'entropy'],100
0.7709902419930306,15, ['h', 's', 'v', 'h_mf', 's_mf', 'v_mf'],10,,,,,,,
0.770594652496589,30, ['R', 'G', 'B', 'R_mf', 'G_mf', 'B_mf', 'R_edge', 'G_edge', 'B_edge', 'entropy'],100,,,
0.7704382093559327,30, ['h', 's', 'v', 'h_mf', 's_mf', 'v_mf', 'h_edge', 's_edge', 'v_edge'],50,,,,
0.7700796902525713,15, ['h', 's', 'v', 'h_mf', 's_mf', 'v_mf'],300,,,,,,,
0.7697465945277767,15, ['R', 'G', 'B', 'R_mf', 'G_mf', 'B_mf'],5,,,,,,,
0.7692537006434808,30, ['R', 'G', 'B', 'R_mf', 'G_mf', 'B_mf', 'R_edge', 'G_edge', 'B_edge', 'R_variance', 'G_variance', 'B_variance'],100,
0.7687337922646874,30, ['R', 'G', 'B', 'R_mf', 'G_mf', 'B_mf', 'R_edge', 'G_edge', 'B_edge'],100,,,,
0.7684239277889596,15, ['R', 'G', 'B', 'R_mf', 'G_mf', 'B_mf'],300,,,,,,,
0.7679798223516013,30, ['L', 'a', 'b', 'L_mf', 'a_mf', 'b_mf', 'L_edge', 'a_edge', 'b_edge', 'entropy'],10,,,
0.7679561685326203,30, ['L', 'a', 'b', 'L_mf', 'a_mf', 'b_mf', 'L_edge', 'a_edge', 'b_edge'],10,,,,
0.7658406105390251,30, ['h', 's', 'v', 'h_mf', 's_mf', 'v_mf', 'h_edge', 's_edge', 'v_edge', 'h_variance', 's_variance', 'v_variance', 'entropy'],100
0.7655183049101721,15, ['h', 's', 'v', 'h_mf', 's_mf', 'v_mf'],5,,,,,,,
0.7653013605900622,30, ['h', 's', 'v', 'h_mf', 's_mf', 'v_mf', 'h_edge', 's_edge', 'v_edge', 'entropy'],100,,,
0.7643769051341457,30, ['L', 'a', 'b', 'L_mf', 'a_mf', 'b_mf', 'L_variance', 'a_variance', 'b_variance', 'entropy'],25,,,
0.7643762160672651,30, ['L', 'a', 'b', 'L_mf', 'a_mf', 'b_mf', 'L_variance', 'a_variance', 'b_variance'],25,,,,
0.764340983367433,30, ['L', 'a', 'b', 'L_mf', 'a_mf', 'b_mf', 'L_edge', 'a_edge', 'b_edge'],5,,,,
0.7643332004372266,30, ['L', 'a', 'b', 'L_mf', 'a_mf', 'b_mf', 'L_edge', 'a_edge', 'b_edge', 'entropy'],5,,,
0.7628514882748518,30, ['L', 'a', 'b', 'L_mf', 'a_mf', 'b_mf', 'L_variance', 'a_variance', 'b_variance'],50,,,,
0.7628506769550144,30, ['L', 'a', 'b', 'L_mf', 'a_mf', 'b_mf', 'L_variance', 'a_variance', 'b_variance', 'entropy'],50,,,
0.7615880672214248,30, ['h', 's', 'v', 'h_mf', 's_mf', 'v_mf', 'h_edge', 's_edge', 'v_edge', 'h_variance', 's_variance', 'v_variance'],100,
0.7613666409601337,30, ['L', 'a', 'b', 'L_mf', 'a_mf', 'b_mf', 'L_edge', 'a_edge', 'b_edge'],25,,,,
0.7613639748743833,30, ['L', 'a', 'b', 'L_mf', 'a_mf', 'b_mf', 'L_edge', 'a_edge', 'b_edge', 'entropy'],25,,,
0.7611937633061086,15, ['h', 's', 'v', 'h_mf', 's_mf', 'v_mf', 'h_edge', 's_edge', 'v_edge', 'h_variance', 's_variance', 'v_variance', 'entropy'],10
0.7611800081505252,30, ['L', 'a', 'b', 'L_mf', 'a_mf', 'b_mf', 'L_variance', 'a_variance', 'b_variance', 'entropy'],10,,,
0.7611537491803643,30, ['L', 'a', 'b', 'L_mf', 'a_mf', 'b_mf', 'L_variance', 'a_variance', 'b_variance'],10,,,,
0.7609524175501952,30, ['h', 's', 'v', 'h_mf', 's_mf', 'v_mf', 'h_edge', 's_edge', 'v_edge'],100,,,,
0.760592356608107,15, ['h', 's', 'v', 'h_mf', 's_mf', 'v_mf', 'h_edge', 's_edge', 'v_edge', 'h_variance', 's_variance', 'v_variance', 'entropy'],5
0.7605819403548281,15, ['h', 's', 'v', 'h_mf', 's_mf', 'v_mf', 'h_edge', 's_edge', 'v_edge', 'entropy'],10,,,
0.7595997563664484,15, ['h', 's', 'v', 'h_mf', 's_mf', 'v_mf', 'h_edge', 's_edge', 'v_edge', 'entropy'],5,,,
0.7586173801906645,30, ['L', 'a', 'b', 'L_mf', 'a_mf', 'b_mf', 'L_variance', 'a_variance', 'b_variance'],100,,,,
0.7586163973038016,30, ['L', 'a', 'b', 'L_mf', 'a_mf', 'b_mf', 'L_variance', 'a_variance', 'b_variance', 'entropy'],100,,,
0.758410061428431,30, ['L', 'a', 'b', 'L_mf', 'a_mf', 'b_mf', 'L_variance', 'a_variance', 'b_variance', 'entropy'],5,,,
0.7584002619666101,30, ['L', 'a', 'b', 'L_mf', 'a_mf', 'b_mf', 'L_variance', 'a_variance', 'b_variance'],5,,,,
0.7580264950941084,15, ['R', 'G', 'B', 'R_mf', 'G_mf', 'B_mf', 'R_edge', 'G_edge', 'B_edge', 'R_variance', 'G_variance', 'B_variance', 'entropy'],5
0.7578657046308225,15, ['R', 'G', 'B', 'R_mf', 'G_mf', 'B_mf', 'R_edge', 'G_edge', 'B_edge', 'R_variance', 'G_variance', 'B_variance', 'entropy'],10
0.7571126387759933,15, ['R', 'G', 'B', 'R_mf', 'G_mf', 'B_mf', 'R_edge', 'G_edge', 'B_edge', 'entropy'],10,,,
0.7563329810806659,15, ['R', 'G', 'B', 'R_mf', 'G_mf', 'B_mf', 'R_edge', 'G_edge', 'B_edge', 'entropy'],5,,,
0.7556377800561984,30, ['R', 'G', 'B', 'R_mf', 'G_mf', 'B_mf', 'R_edge', 'G_edge', 'B_edge', 'R_variance', 'G_variance', 'B_variance', 'entropy'],300
0.7549660290205019,30, ['R', 'G', 'B', 'R_mf', 'G_mf', 'B_mf', 'R_edge', 'G_edge', 'B_edge', 'entropy'],300,,,
0.7547955669899511,15, ['R', 'G', 'B', 'R_mf', 'G_mf', 'B_mf', 'R_edge', 'G_edge', 'B_edge', 'R_variance', 'G_variance', 'B_variance', 'entropy'],25
0.7547290734140284,15, ['R', 'G', 'B', 'R_mf', 'G_mf', 'B_mf', 'R_edge', 'G_edge', 'B_edge', 'entropy'],25,,,
0.7546918489415815,15, ['h', 's', 'v', 'h_mf', 's_mf', 'v_mf', 'h_edge', 's_edge', 'v_edge', 'h_variance', 's_variance', 'v_variance', 'entropy'],25
0.7546424200416519,15, ['h', 's', 'v', 'h_mf', 's_mf', 'v_mf', 'h_edge', 's_edge', 'v_edge', 'entropy'],25,,,
0.7537501144802624,30, ['R', 'G', 'B', 'R_mf', 'G_mf', 'B_mf', 'R_edge', 'G_edge', 'B_edge', 'R_variance', 'G_variance', 'B_variance'],300,
0.7528037468454025,30, ['R', 'G', 'B', 'R_mf', 'G_mf', 'B_mf', 'R_edge', 'G_edge', 'B_edge'],300,,,,
0.7514587913874683,30, ['L', 'a', 'b', 'L_mf', 'a_mf', 'b_mf', 'L_edge', 'a_edge', 'b_edge', 'entropy'],50,,,
0.751439785812972,30, ['L', 'a', 'b', 'L_mf', 'a_mf', 'b_mf', 'L_edge', 'a_edge', 'b_edge'],50,,,,
0.7512025208404293,15, ['R', 'G', 'B', 'R_mf', 'G_mf', 'B_mf', 'R_edge', 'G_edge', 'B_edge', 'entropy'],50,,,
0.7507241096053969,15, ['R', 'G', 'B', 'R_mf', 'G_mf', 'B_mf', 'R_edge', 'G_edge', 'B_edge', 'R_variance', 'G_variance', 'B_variance', 'entropy'],50
0.7506133467659939,15, ['h', 's', 'v', 'h_mf', 's_mf', 'v_mf', 'h_edge', 's_edge', 'v_edge', 'h_variance', 's_variance', 'v_variance'],10,
0.7501009909495838,15, ['R', 'G', 'B', 'R_mf', 'G_mf', 'B_mf', 'R_edge', 'G_edge', 'B_edge', 'R_variance', 'G_variance', 'B_variance'],10,
0.7498380214523553,15, ['h', 's', 'v', 'h_mf', 's_mf', 'v_mf', 'h_edge', 's_edge', 'v_edge', 'h_variance', 's_variance', 'v_variance'],5,
0.7495318278992745,15, ['h', 's', 'v', 'h_mf', 's_mf', 'v_mf', 'h_edge', 's_edge', 'v_edge', 'entropy'],50,,,
0.74938429891001,15, ['h', 's', 'v', 'h_mf', 's_mf', 'v_mf', 'h_edge', 's_edge', 'v_edge', 'h_variance', 's_variance', 'v_variance', 'entropy'],50
0.7493599086980509,15, ['R', 'G', 'B', 'R_mf', 'G_mf', 'B_mf', 'R_edge', 'G_edge', 'B_edge', 'R_variance', 'G_variance', 'B_variance'],5,
0.7488584468764796,15, ['h', 's', 'v', 'h_mf', 's_mf', 'v_mf', 'h_edge', 's_edge', 'v_edge'],10,,,,
0.7478216846217258,30, ['h', 's', 'v', 'h_mf', 's_mf', 'v_mf', 'h_edge', 's_edge', 'v_edge', 'h_variance', 's_variance', 'v_variance', 'entropy'],300
0.7475942998049058,30, ['h', 's', 'v', 'h_mf', 's_mf', 'v_mf', 'h_edge', 's_edge', 'v_edge', 'entropy'],300,,,
0.7475264058788057,15, ['h', 's', 'v', 'h_mf', 's_mf', 'v_mf', 'h_edge', 's_edge', 'v_edge'],5,,,,
0.7473906857320475,15, ['L', 'a', 'b', 'L_mf', 'a_mf', 'b_mf', 'entropy'],10,,,,,,
0.7473883338926085,15, ['R', 'G', 'B', 'R_mf', 'G_mf', 'B_mf', 'R_edge', 'G_edge', 'B_edge'],10,,,,
0.7471619159914501,15, ['L', 'a', 'b', 'L_mf', 'a_mf', 'b_mf', 'entropy'],5,,,,,,
0.747148973843867,15, ['R', 'G', 'B', 'R_mf', 'G_mf', 'B_mf', 'R_edge', 'G_edge', 'B_edge', 'R_variance', 'G_variance', 'B_variance'],25,
0.7466033530279105,15, ['L', 'a', 'b', 'L_mf', 'a_mf', 'b_mf', 'entropy'],25,,,,,,
0.7463454148848586,15, ['R', 'G', 'B', 'R_mf', 'G_mf', 'B_mf', 'R_edge', 'G_edge', 'B_edge', 'entropy'],100,,,
0.7457939778307079,15, ['R', 'G', 'B', 'R_mf', 'G_mf', 'B_mf', 'R_edge', 'G_edge', 'B_edge', 'R_variance', 'G_variance', 'B_variance', 'entropy'],100
0.7457319749419201,15, ['R', 'G', 'B', 'R_mf', 'G_mf', 'B_mf', 'R_edge', 'G_edge', 'B_edge'],5,,,,
0.7452037812070702,15, ['L', 'a', 'b', 'L_mf', 'a_mf', 'b_mf', 'entropy'],50,,,,,,
0.7451807861777278,15, ['h', 's', 'v', 'h_mf', 's_mf', 'v_mf', 'h_edge', 's_edge', 'v_edge', 'h_variance', 's_variance', 'v_variance'],25,
0.7443359805004732,15, ['R', 'G', 'B', 'R_mf', 'G_mf', 'B_mf', 'R_edge', 'G_edge', 'B_edge'],25,,,,
0.7435974454582727,15, ['h', 's', 'v', 'h_mf', 's_mf', 'v_mf', 'h_edge', 's_edge', 'v_edge', 'entropy'],100,,,
0.7431994941456503,15, ['h', 's', 'v', 'h_mf', 's_mf', 'v_mf', 'h_edge', 's_edge', 'v_edge'],25,,,,
0.7431655818565666,15, ['h', 's', 'v', 'h_mf', 's_mf', 'v_mf', 'h_edge', 's_edge', 'v_edge', 'h_variance', 's_variance', 'v_variance', 'entropy'],100
0.7427043850363885,15, ['R', 'G', 'B', 'R_mf', 'G_mf', 'B_mf', 'R_edge', 'G_edge', 'B_edge', 'R_variance', 'G_variance', 'B_variance'],50,
0.7424205105347101,15, ['L', 'a', 'b', 'L_mf', 'a_mf', 'b_mf'],10,,,,,,,
0.7423307525194652,30, ['h', 's', 'v', 'h_mf', 's_mf', 'v_mf', 'h_edge', 's_edge', 'v_edge', 'h_variance', 's_variance', 'v_variance'],300,
0.7421723952948708,15, ['L', 'a', 'b', 'L_mf', 'a_mf', 'b_mf', 'entropy'],100,,,,,,
0.741850735963722,15, ['L', 'a', 'b', 'L_mf', 'a_mf', 'b_mf'],25,,,,,,,
0.7418424939078947,30, ['h', 's', 'v', 'h_mf', 's_mf', 'v_mf', 'h_edge', 's_edge', 'v_edge'],300,,,,
0.7413057174032314,15, ['L', 'a', 'b', 'L_mf', 'a_mf', 'b_mf'],50,,,,,,,
0.740555844810946,15, ['R', 'G', 'B', 'R_mf', 'G_mf', 'B_mf', 'R_edge', 'G_edge', 'B_edge'],50,,,,
0.7401209143616401,15, ['h', 's', 'v', 'h_mf', 's_mf', 'v_mf', 'h_edge', 's_edge', 'v_edge', 'h_variance', 's_variance', 'v_variance'],50,
0.7394694281277545,15, ['L', 'a', 'b', 'L_mf', 'a_mf', 'b_mf'],5,,,,,,,
0.7386857536544253,15, ['L', 'a', 'b', 'L_mf', 'a_mf', 'b_mf'],100,,,,,,,
0.7383038738948873,15, ['h', 's', 'v', 'h_mf', 's_mf', 'v_mf', 'h_edge', 's_edge', 'v_edge'],50,,,,
0.7382948342964367,30, ['L', 'a', 'b', 'L_mf', 'a_mf', 'b_mf', 'L_variance', 'a_variance', 'b_variance', 'entropy'],300,,,
0.7382855722009343,30, ['L', 'a', 'b', 'L_mf', 'a_mf', 'b_mf', 'L_variance', 'a_variance', 'b_variance'],300,,,,
0.7382673934516581,15, ['L', 'a', 'b', 'L_mf', 'a_mf', 'b_mf', 'entropy'],300,,,,,,
0.7379444338759277,15, ['R', 'G', 'B', 'R_mf', 'G_mf', 'B_mf', 'R_edge', 'G_edge', 'B_edge', 'R_variance', 'G_variance', 'B_variance'],100,
0.7364177855989736,30, ['L', 'a', 'b', 'L_mf', 'a_mf', 'b_mf', 'L_edge', 'a_edge', 'b_edge', 'entropy'],100,,,
0.736391595479017,30, ['L', 'a', 'b', 'L_mf', 'a_mf', 'b_mf', 'L_edge', 'a_edge', 'b_edge'],100,,,,
0.7361769510969915,15, ['R', 'G', 'B', 'R_mf', 'G_mf', 'B_mf', 'R_edge', 'G_edge', 'B_edge'],100,,,,
0.7361625962583861,15, ['L', 'a', 'b', 'L_mf', 'a_mf', 'b_mf'],300,,,,,,,
0.7356049728334847,15, ['R', 'G', 'B', 'R_mf', 'G_mf', 'B_mf', 'R_edge', 'G_edge', 'B_edge', 'entropy'],300,,,
0.7349988020701502,15, ['R', 'G', 'B', 'R_mf', 'G_mf', 'B_mf', 'R_edge', 'G_edge', 'B_edge', 'R_variance', 'G_variance', 'B_variance', 'entropy'],300
0.7333230308817202,15, ['h', 's', 'v', 'h_mf', 's_mf', 'v_mf', 'h_edge', 's_edge', 'v_edge', 'h_variance', 's_variance', 'v_variance'],100,
0.7317848057765978,15, ['h', 's', 'v', 'h_mf', 's_mf', 'v_mf', 'h_edge', 's_edge', 'v_edge'],100,,,,
0.731299335791937,15, ['h', 's', 'v', 'h_mf', 's_mf', 'v_mf', 'h_edge', 's_edge', 'v_edge', 'entropy'],300,,,
0.7307186263002983,15, ['h', 's', 'v', 'h_mf', 's_mf', 'v_mf', 'h_edge', 's_edge', 'v_edge', 'h_variance', 's_variance', 'v_variance', 'entropy'],300
0.7264694004102338,15, ['R', 'G', 'B', 'R_mf', 'G_mf', 'B_mf', 'R_edge', 'G_edge', 'B_edge', 'R_variance', 'G_variance', 'B_variance'],300,
0.725269507596171,15, ['R', 'G', 'B', 'R_mf', 'G_mf', 'B_mf', 'R_edge', 'G_edge', 'B_edge'],300,,,,
0.7252551127308199,15, ['L', 'a', 'b', 'L_mf', 'a_mf', 'b_mf', 'L_variance', 'a_variance', 'b_variance'],25,,,,
0.7252298955000902,15, ['L', 'a', 'b', 'L_mf', 'a_mf', 'b_mf', 'L_variance', 'a_variance', 'b_variance', 'entropy'],25,,,
0.7239300460255773,30, ['L', 'a', 'b', 'L_mf', 'a_mf', 'b_mf', 'L_edge', 'a_edge', 'b_edge', 'L_variance', 'a_variance', 'b_variance'],10,
0.7239300460255773,30, ['L', 'a', 'b', 'L_mf', 'a_mf', 'b_mf', 'L_edge', 'a_edge', 'b_edge', 'L_variance', 'a_variance', 'b_variance', 'entropy'],10
0.7231615354217434,30, ['L', 'a', 'b', 'L_mf', 'a_mf', 'b_mf', 'L_edge', 'a_edge', 'b_edge', 'L_variance', 'a_variance', 'b_variance', 'entropy'],5
0.723160878216335,30, ['L', 'a', 'b', 'L_mf', 'a_mf', 'b_mf', 'L_edge', 'a_edge', 'b_edge', 'L_variance', 'a_variance', 'b_variance'],5,
0.7226811729843721,15, ['L', 'a', 'b', 'L_mf', 'a_mf', 'b_mf', 'L_variance', 'a_variance', 'b_variance', 'entropy'],10,,,
0.7226521763489919,15, ['L', 'a', 'b', 'L_mf', 'a_mf', 'b_mf', 'L_variance', 'a_variance', 'b_variance'],10,,,,
0.7219834870615288,15, ['L', 'a', 'b', 'L_mf', 'a_mf', 'b_mf', 'L_variance', 'a_variance', 'b_variance'],50,,,,
0.7219656742321504,15, ['L', 'a', 'b', 'L_mf', 'a_mf', 'b_mf', 'L_variance', 'a_variance', 'b_variance', 'entropy'],50,,,
0.7194961266078721,15, ['L', 'a', 'b', 'L_mf', 'a_mf', 'b_mf', 'L_variance', 'a_variance', 'b_variance', 'entropy'],5,,,
0.7194673335282867,15, ['L', 'a', 'b', 'L_mf', 'a_mf', 'b_mf', 'L_variance', 'a_variance', 'b_variance'],5,,,,
0.719445150063984,15, ['h', 's', 'v', 'h_mf', 's_mf', 'v_mf', 'h_edge', 's_edge', 'v_edge', 'h_variance', 's_variance', 'v_variance'],300,
0.7183314733709043,15, ['h', 's', 'v', 'h_mf', 's_mf', 'v_mf', 'h_edge', 's_edge', 'v_edge'],300,,,,
0.7175501329126129,30, ['L', 'a', 'b', 'L_mf', 'a_mf', 'b_mf', 'L_edge', 'a_edge', 'b_edge', 'L_variance', 'a_variance', 'b_variance'],25,
0.7175334360525083,30, ['L', 'a', 'b', 'L_mf', 'a_mf', 'b_mf', 'L_edge', 'a_edge', 'b_edge', 'L_variance', 'a_variance', 'b_variance', 'entropy'],25
0.7165224847779902,15, ['L', 'a', 'b', 'L_mf', 'a_mf', 'b_mf', 'L_variance', 'a_variance', 'b_variance', 'entropy'],100,,,
0.7165035645283174,15, ['L', 'a', 'b', 'L_mf', 'a_mf', 'b_mf', 'L_variance', 'a_variance', 'b_variance'],100,,,,
0.7111596974754907,5, ['R', 'G', 'B', 'R_mf', 'G_mf', 'B_mf', 'R_variance', 'G_variance', 'B_variance', 'entropy'],25,,,
0.7110103564452743,15, ['L', 'a', 'b', 'L_mf', 'a_mf', 'b_mf', 'L_edge', 'a_edge', 'b_edge', 'entropy'],10,,,
0.7109602016537402,15, ['L', 'a', 'b', 'L_mf', 'a_mf', 'b_mf', 'L_edge', 'a_edge', 'b_edge'],10,,,,
0.7107198154441271,5, ['R', 'G', 'B', 'R_mf', 'G_mf', 'B_mf', 'R_variance', 'G_variance', 'B_variance', 'entropy'],50,,,
0.7099576271406919,15, ['L', 'a', 'b', 'L_mf', 'a_mf', 'b_mf', 'L_edge', 'a_edge', 'b_edge', 'entropy'],25,,,
0.7099331045050472,15, ['L', 'a', 'b', 'L_mf', 'a_mf', 'b_mf', 'L_edge', 'a_edge', 'b_edge'],25,,,,
0.7098267778816294,5, ['R', 'G', 'B', 'R_mf', 'G_mf', 'B_mf', 'R_variance', 'G_variance', 'B_variance', 'entropy'],100,,,
0.7096701769796127,5, ['h', 's', 'v', 'h_mf', 's_mf', 'v_mf', 'h_variance', 's_variance', 'v_variance', 'entropy'],50,,,
0.7088019629046273,5, ['h', 's', 'v', 'h_mf', 's_mf', 'v_mf', 'h_variance', 's_variance', 'v_variance', 'entropy'],25,,,
0.7085505109952874,30, ['L', 'a', 'b', 'L_mf', 'a_mf', 'b_mf', 'L_edge', 'a_edge', 'b_edge', 'L_variance', 'a_variance', 'b_variance'],50,
0.7085418424808587,30, ['L', 'a', 'b', 'L_mf', 'a_mf', 'b_mf', 'L_edge', 'a_edge', 'b_edge', 'L_variance', 'a_variance', 'b_variance', 'entropy'],50
0.7084979070186754,5, ['h', 's', 'v', 'h_mf', 's_mf', 'v_mf', 'h_variance', 's_variance', 'v_variance', 'entropy'],100,,,
0.7083360732503116,5, ['R', 'G', 'B', 'R_mf', 'G_mf', 'B_mf', 'R_variance', 'G_variance', 'B_variance', 'entropy'],10,,,
0.70725896625493,5, ['h', 's', 'v', 'h_mf', 's_mf', 'v_mf', 'entropy'],50,,,,,,
0.7070945521834218,15, ['L', 'a', 'b', 'L_mf', 'a_mf', 'b_mf', 'L_edge', 'a_edge', 'b_edge', 'entropy'],5,,,
0.7069514607810935,5, ['h', 's', 'v', 'h_mf', 's_mf', 'v_mf', 'entropy'],100,,,,,,
0.706774769212785,5, ['h', 's', 'v', 'h_mf', 's_mf', 'v_mf', 'entropy'],25,,,,,,
0.7066100685895728,15, ['L', 'a', 'b', 'L_mf', 'a_mf', 'b_mf', 'L_edge', 'a_edge', 'b_edge'],5,,,,
0.705836599031381,5, ['R', 'G', 'B', 'R_mf', 'G_mf', 'B_mf', 'entropy'],100,,,,,,
0.705350794213402,5, ['R', 'G', 'B', 'R_mf', 'G_mf', 'B_mf', 'entropy'],50,,,,,,
0.7052895315567447,30, ['L', 'a', 'b', 'L_mf', 'a_mf', 'b_mf', 'L_edge', 'a_edge', 'b_edge'],300,,,,
0.7052895315567447,30, ['L', 'a', 'b', 'L_mf', 'a_mf', 'b_mf', 'L_edge', 'a_edge', 'b_edge', 'entropy'],300,,,
0.7052512754874681,5, ['R', 'G', 'B', 'R_mf', 'G_mf', 'B_mf', 'R_variance', 'G_variance', 'B_variance', 'entropy'],300,,,
0.7051722325316502,5, ['h', 's', 'v', 'h_mf', 's_mf', 'v_mf', 'h_variance', 's_variance', 'v_variance', 'entropy'],10,,,
0.7044723707496191,5, ['R', 'G', 'B', 'R_mf', 'G_mf', 'B_mf', 'R_variance', 'G_variance', 'B_variance'],25,,,,
0.7043499558842571,5, ['R', 'G', 'B', 'R_mf', 'G_mf', 'B_mf', 'entropy'],25,,,,,,
0.704314050999756,5, ['h', 's', 'v', 'h_mf', 's_mf', 'v_mf', 'h_variance', 's_variance', 'v_variance', 'entropy'],300,,,
0.7041813979362329,5, ['h', 's', 'v', 'h_mf', 's_mf', 'v_mf', 'entropy'],300,,,,,,
0.7039914162587054,15, ['L', 'a', 'b', 'L_mf', 'a_mf', 'b_mf', 'L_edge', 'a_edge', 'b_edge'],50,,,,
0.7039835012841492,15, ['L', 'a', 'b', 'L_mf', 'a_mf', 'b_mf', 'L_edge', 'a_edge', 'b_edge', 'entropy'],50,,,
0.7032650490120896,5, ['R', 'G', 'B', 'R_mf', 'G_mf', 'B_mf', 'entropy'],300,,,,,,
0.7031048239700757,5, ['R', 'G', 'B', 'R_mf', 'G_mf', 'B_mf', 'R_variance', 'G_variance', 'B_variance'],50,,,,
0.7016376964565004,5, ['R', 'G', 'B', 'R_mf', 'G_mf', 'B_mf', 'R_variance', 'G_variance', 'B_variance'],10,,,,
0.7012184680710325,5, ['h', 's', 'v', 'h_mf', 's_mf', 'v_mf', 'entropy'],10,,,,,,
0.7005280205860978,5, ['h', 's', 'v', 'h_mf', 's_mf', 'v_mf', 'h_variance', 's_variance', 'v_variance'],25,,,,
0.7004189312822809,15, ['L', 'a', 'b', 'L_mf', 'a_mf', 'b_mf', 'L_variance', 'a_variance', 'b_variance'],300,,,,
0.7003986208066998,15, ['L', 'a', 'b', 'L_mf', 'a_mf', 'b_mf', 'L_variance', 'a_variance', 'b_variance', 'entropy'],300,,,
0.6997581163632653,5, ['h', 's', 'v', 'h_mf', 's_mf', 'v_mf', 'h_variance', 's_variance', 'v_variance'],50,,,,
0.6996801443621811,5, ['R', 'G', 'B', 'R_mf', 'G_mf', 'B_mf', 'entropy'],10,,,,,,
0.6991025459150594,5, ['R', 'G', 'B', 'R_mf', 'G_mf', 'B_mf', 'R_variance', 'G_variance', 'B_variance', 'entropy'],5,,,
0.6984224303196129,5, ['h', 's', 'v', 'h_mf', 's_mf', 'v_mf', 'h_variance', 's_variance', 'v_variance'],10,,,,
0.6984018829661195,5, ['R', 'G', 'B', 'R_mf', 'G_mf', 'B_mf', 'R_variance', 'G_variance', 'B_variance'],100,,,,
0.696584772114292,5, ['h', 's', 'v', 'h_mf', 's_mf', 'v_mf', 'h_variance', 's_variance', 'v_variance'],100,,,,
0.6964941707329676,30, ['L', 'a', 'b', 'L_mf', 'a_mf', 'b_mf', 'L_edge', 'a_edge', 'b_edge', 'L_variance', 'a_variance', 'b_variance'],100,
0.6964941707329676,30, ['L', 'a', 'b', 'L_mf', 'a_mf', 'b_mf', 'L_edge', 'a_edge', 'b_edge', 'L_variance', 'a_variance', 'b_variance', 'entropy'],100
0.6956245412814573,5, ['h', 's', 'v', 'h_mf', 's_mf', 'v_mf', 'h_variance', 's_variance', 'v_variance', 'entropy'],5,,,
0.6937418129699842,5, ['R', 'G', 'B', 'R_mf', 'G_mf', 'B_mf', 'R_variance', 'G_variance', 'B_variance'],5,,,,
0.6935351180608141,15, ['L', 'a', 'b', 'L_mf', 'a_mf', 'b_mf', 'L_edge', 'a_edge', 'b_edge', 'entropy'],100,,,
0.6935101764896817,15, ['L', 'a', 'b', 'L_mf', 'a_mf', 'b_mf', 'L_edge', 'a_edge', 'b_edge'],100,,,,
0.6930551779172003,5, ['h', 's', 'v', 'h_mf', 's_mf', 'v_mf', 'h_edge', 's_edge', 'v_edge', 'entropy'],25,,,
0.6927846398924872,5, ['h', 's', 'v', 'h_mf', 's_mf', 'v_mf', 'h_edge', 's_edge', 'v_edge', 'h_variance', 's_variance', 'v_variance', 'entropy'],25
0.6919174656030904,5, ['h', 's', 'v', 'h_mf', 's_mf', 'v_mf', 'h_edge', 's_edge', 'v_edge', 'entropy'],50,,,
0.6918907419462874,5, ['h', 's', 'v', 'h_mf', 's_mf', 'v_mf', 'h_edge', 's_edge', 'v_edge', 'h_variance', 's_variance', 'v_variance', 'entropy'],50
0.6913348483823056,5, ['h', 's', 'v', 'h_mf', 's_mf', 'v_mf'],50,,,,,,,
0.6909814753574157,5, ['h', 's', 'v', 'h_mf', 's_mf', 'v_mf', 'h_edge', 's_edge', 'v_edge', 'h_variance', 's_variance', 'v_variance', 'entropy'],10
0.6905365368559709,5, ['h', 's', 'v', 'h_mf', 's_mf', 'v_mf'],25,,,,,,,
0.6902511878367813,5, ['R', 'G', 'B', 'R_mf', 'G_mf', 'B_mf', 'R_edge', 'G_edge', 'B_edge', 'R_variance', 'G_variance', 'B_variance', 'entropy'],25
0.690215253995222,5, ['h', 's', 'v', 'h_mf', 's_mf', 'v_mf', 'h_edge', 's_edge', 'v_edge', 'entropy'],10,,,
0.6898198868960714,5, ['h', 's', 'v', 'h_mf', 's_mf', 'v_mf'],100,,,,,,,
0.6895901873076019,5, ['R', 'G', 'B', 'R_mf', 'G_mf', 'B_mf', 'entropy'],5,,,,,,
0.6889580316833955,5, ['R', 'G', 'B', 'R_mf', 'G_mf', 'B_mf', 'R_edge', 'G_edge', 'B_edge', 'entropy'],25,,,
0.6889517770427338,5, ['h', 's', 'v', 'h_mf', 's_mf', 'v_mf', 'entropy'],5,,,,,,
0.6889152846490606,5, ['h', 's', 'v', 'h_mf', 's_mf', 'v_mf', 'h_variance', 's_variance', 'v_variance'],5,,,,
0.6888476344631075,5, ['h', 's', 'v', 'h_mf', 's_mf', 'v_mf', 'h_variance', 's_variance', 'v_variance'],300,,,,
0.6885372376693034,5, ['R', 'G', 'B', 'R_mf', 'G_mf', 'B_mf', 'R_edge', 'G_edge', 'B_edge', 'R_variance', 'G_variance', 'B_variance', 'entropy'],50
0.6883472039536461,5, ['R', 'G', 'B', 'R_mf', 'G_mf', 'B_mf', 'R_variance', 'G_variance', 'B_variance'],300,,,,
0.6881466268628232,5, ['h', 's', 'v', 'h_mf', 's_mf', 'v_mf', 'h_edge', 's_edge', 'v_edge', 'entropy'],100,,,
0.6880765237045066,5, ['R', 'G', 'B', 'R_mf', 'G_mf', 'B_mf', 'R_edge', 'G_edge', 'B_edge', 'entropy'],50,,,
0.6878513794734014,5, ['h', 's', 'v', 'h_mf', 's_mf', 'v_mf', 'h_edge', 's_edge', 'v_edge', 'h_variance', 's_variance', 'v_variance', 'entropy'],100
0.68671988696954,5, ['R', 'G', 'B', 'R_mf', 'G_mf', 'B_mf', 'R_edge', 'G_edge', 'B_edge', 'R_variance', 'G_variance', 'B_variance', 'entropy'],10
0.6864464481518789,5, ['R', 'G', 'B', 'R_mf', 'G_mf', 'B_mf'],25,,,,,,,
0.6861039241633287,5, ['h', 's', 'v', 'h_mf', 's_mf', 'v_mf'],10,,,,,,,
0.6860048201946607,5, ['h', 's', 'v', 'h_mf', 's_mf', 'v_mf'],300,,,,,,,
0.6858072255991597,5, ['R', 'G', 'B', 'R_mf', 'G_mf', 'B_mf'],50,,,,,,,
0.6854294054768911,5, ['R', 'G', 'B', 'R_mf', 'G_mf', 'B_mf', 'R_edge', 'G_edge', 'B_edge', 'entropy'],10,,,
0.6848518606084087,5, ['R', 'G', 'B', 'R_mf', 'G_mf', 'B_mf', 'R_edge', 'G_edge', 'B_edge', 'R_variance', 'G_variance', 'B_variance', 'entropy'],100
0.6846206255222482,5, ['R', 'G', 'B', 'R_mf', 'G_mf', 'B_mf', 'R_edge', 'G_edge', 'B_edge', 'entropy'],100,,,
0.6832208684761202,15, ['L', 'a', 'b', 'L_mf', 'a_mf', 'b_mf', 'L_edge', 'a_edge', 'b_edge', 'L_variance', 'a_variance', 'b_variance', 'entropy'],10
0.6832109888615645,15, ['L', 'a', 'b', 'L_mf', 'a_mf', 'b_mf', 'L_edge', 'a_edge', 'b_edge', 'L_variance', 'a_variance', 'b_variance'],10,
0.6825898735255695,5, ['R', 'G', 'B', 'R_mf', 'G_mf', 'B_mf'],10,,,,,,,
0.6823413380513835,5, ['R', 'G', 'B', 'R_mf', 'G_mf', 'B_mf'],100,,,,,,,
0.6814913439676811,5, ['h', 's', 'v', 'h_mf', 's_mf', 'v_mf', 'h_edge', 's_edge', 'v_edge', 'h_variance', 's_variance', 'v_variance', 'entropy'],5
0.6808813891489726,5, ['h', 's', 'v', 'h_mf', 's_mf', 'v_mf', 'h_edge', 's_edge', 'v_edge', 'h_variance', 's_variance', 'v_variance'],25,
0.6802835654514948,5, ['h', 's', 'v', 'h_mf', 's_mf', 'v_mf', 'h_edge', 's_edge', 'v_edge', 'h_variance', 's_variance', 'v_variance'],10,
0.6802051794927931,5, ['h', 's', 'v', 'h_mf', 's_mf', 'v_mf', 'h_edge', 's_edge', 'v_edge'],25,,,,
0.6799894038989136,5, ['h', 's', 'v', 'h_mf', 's_mf', 'v_mf', 'h_edge', 's_edge', 'v_edge', 'entropy'],5,,,
0.6796811686893494,15, ['L', 'a', 'b', 'L_mf', 'a_mf', 'b_mf', 'L_edge', 'a_edge', 'b_edge', 'L_variance', 'a_variance', 'b_variance'],5,
0.6796726097566619,15, ['L', 'a', 'b', 'L_mf', 'a_mf', 'b_mf', 'L_edge', 'a_edge', 'b_edge', 'L_variance', 'a_variance', 'b_variance', 'entropy'],5
0.6793887299483016,5, ['R', 'G', 'B', 'R_mf', 'G_mf', 'B_mf', 'R_edge', 'G_edge', 'B_edge', 'R_variance', 'G_variance', 'B_variance'],25,
0.6791515889974196,5, ['h', 's', 'v', 'h_mf', 's_mf', 'v_mf', 'h_edge', 's_edge', 'v_edge'],10,,,,
0.6791369390861804,5, ['h', 's', 'v', 'h_mf', 's_mf', 'v_mf', 'h_edge', 's_edge', 'v_edge', 'h_variance', 's_variance', 'v_variance'],50,
0.6791073476265839,5, ['R', 'G', 'B', 'R_mf', 'G_mf', 'B_mf', 'R_edge', 'G_edge', 'B_edge', 'R_variance', 'G_variance', 'B_variance', 'entropy'],5
0.67882417743743,5, ['h', 's', 'v', 'h_mf', 's_mf', 'v_mf', 'h_edge', 's_edge', 'v_edge'],50,,,,
0.6787502401401349,5, ['h', 's', 'v', 'h_mf', 's_mf', 'v_mf', 'h_edge', 's_edge', 'v_edge', 'entropy'],300,,,
0.6786429600784603,5, ['h', 's', 'v', 'h_mf', 's_mf', 'v_mf', 'h_edge', 's_edge', 'v_edge', 'h_variance', 's_variance', 'v_variance', 'entropy'],300
0.6778425879596616,5, ['R', 'G', 'B', 'R_mf', 'G_mf', 'B_mf', 'R_edge', 'G_edge', 'B_edge', 'R_variance', 'G_variance', 'B_variance'],10,
0.6776305992090635,5, ['R', 'G', 'B', 'R_mf', 'G_mf', 'B_mf', 'R_edge', 'G_edge', 'B_edge'],25,,,,
0.6771092529816628,5, ['R', 'G', 'B', 'R_mf', 'G_mf', 'B_mf', 'R_edge', 'G_edge', 'B_edge', 'entropy'],5,,,
0.6770077675102918,5, ['R', 'G', 'B', 'R_mf', 'G_mf', 'B_mf', 'R_edge', 'G_edge', 'B_edge', 'R_variance', 'G_variance', 'B_variance'],50,
0.6762405416766792,5, ['R', 'G', 'B', 'R_mf', 'G_mf', 'B_mf'],300,,,,,,,
0.6758758723135148,5, ['R', 'G', 'B', 'R_mf', 'G_mf', 'B_mf', 'R_edge', 'G_edge', 'B_edge', 'R_variance', 'G_variance', 'B_variance', 'entropy'],300
0.6758123721756306,5, ['R', 'G', 'B', 'R_mf', 'G_mf', 'B_mf', 'R_edge', 'G_edge', 'B_edge', 'entropy'],300,,,
0.6755815012317237,5, ['R', 'G', 'B', 'R_mf', 'G_mf', 'B_mf', 'R_edge', 'G_edge', 'B_edge'],50,,,,
0.6755231896588452,5, ['R', 'G', 'B', 'R_mf', 'G_mf', 'B_mf', 'R_edge', 'G_edge', 'B_edge'],10,,,,
0.6753654920560103,15, ['L', 'a', 'b', 'L_mf', 'a_mf', 'b_mf', 'L_edge', 'a_edge', 'b_edge', 'L_variance', 'a_variance', 'b_variance'],25,
0.6753555021603772,15, ['L', 'a', 'b', 'L_mf', 'a_mf', 'b_mf', 'L_edge', 'a_edge', 'b_edge', 'L_variance', 'a_variance', 'b_variance', 'entropy'],25
0.6738570624014996,5, ['h', 's', 'v', 'h_mf', 's_mf', 'v_mf', 'h_edge', 's_edge', 'v_edge', 'h_variance', 's_variance', 'v_variance'],100,
0.6736372200296965,5, ['h', 's', 'v', 'h_mf', 's_mf', 'v_mf', 'h_edge', 's_edge', 'v_edge'],100,,,,
0.6733360415630947,30, ['L', 'a', 'b', 'L_mf', 'a_mf', 'b_mf', 'L_edge', 'a_edge', 'b_edge', 'L_variance', 'a_variance', 'b_variance'],300,
0.6733360415630947,30, ['L', 'a', 'b', 'L_mf', 'a_mf', 'b_mf', 'L_edge', 'a_edge', 'b_edge', 'L_variance', 'a_variance', 'b_variance', 'entropy'],300
0.6731006659741503,5, ['h', 's', 'v', 'h_mf', 's_mf', 'v_mf'],5,,,,,,,
0.6726137450023059,5, ['R', 'G', 'B', 'R_mf', 'G_mf', 'B_mf', 'R_edge', 'G_edge', 'B_edge', 'R_variance', 'G_variance', 'B_variance'],100,
0.6722053898982693,5, ['h', 's', 'v', 'h_mf', 's_mf', 'v_mf', 'h_edge', 's_edge', 'v_edge', 'h_variance', 's_variance', 'v_variance'],5,
0.6717909339841487,5, ['R', 'G', 'B', 'R_mf', 'G_mf', 'B_mf', 'R_edge', 'G_edge', 'B_edge', 'R_variance', 'G_variance', 'B_variance'],5,
0.6717777288990296,5, ['R', 'G', 'B', 'R_mf', 'G_mf', 'B_mf'],5,,,,,,,
0.671601513839626,5, ['R', 'G', 'B', 'R_mf', 'G_mf', 'B_mf', 'R_edge', 'G_edge', 'B_edge'],100,,,,
0.6699418977930698,5, ['h', 's', 'v', 'h_mf', 's_mf', 'v_mf', 'h_edge', 's_edge', 'v_edge'],5,,,,
0.6679768196015977,15, ['L', 'a', 'b', 'L_mf', 'a_mf', 'b_mf', 'L_edge', 'a_edge', 'b_edge'],300,,,,
0.6679630366162478,15, ['L', 'a', 'b', 'L_mf', 'a_mf', 'b_mf', 'L_edge', 'a_edge', 'b_edge', 'entropy'],300,,,
0.6679153469974812,5, ['R', 'G', 'B', 'R_mf', 'G_mf', 'B_mf', 'R_edge', 'G_edge', 'B_edge'],5,,,,
0.6670538673978431,15, ['L', 'a', 'b', 'L_mf', 'a_mf', 'b_mf', 'L_edge', 'a_edge', 'b_edge', 'L_variance', 'a_variance', 'b_variance', 'entropy'],50
0.6670460570846874,15, ['L', 'a', 'b', 'L_mf', 'a_mf', 'b_mf', 'L_edge', 'a_edge', 'b_edge', 'L_variance', 'a_variance', 'b_variance'],50,
0.661814526864533,5, ['R', 'G', 'B', 'R_mf', 'G_mf', 'B_mf', 'R_edge', 'G_edge', 'B_edge', 'R_variance', 'G_variance', 'B_variance'],300,
0.6617036920886346,5, ['h', 's', 'v', 'h_mf', 's_mf', 'v_mf', 'h_edge', 's_edge', 'v_edge', 'h_variance', 's_variance', 'v_variance'],300,
0.661494094047977,5, ['h', 's', 'v', 'h_mf', 's_mf', 'v_mf', 'h_edge', 's_edge', 'v_edge'],300,,,,
0.6614140028829042,5, ['R', 'G', 'B', 'R_mf', 'G_mf', 'B_mf', 'R_edge', 'G_edge', 'B_edge'],300,,,,
0.6584779007188257,15, ['L', 'a', 'b', 'L_mf', 'a_mf', 'b_mf', 'L_edge', 'a_edge', 'b_edge', 'L_variance', 'a_variance', 'b_variance', 'entropy'],100
0.6584694597006646,15, ['L', 'a', 'b', 'L_mf', 'a_mf', 'b_mf', 'L_edge', 'a_edge', 'b_edge', 'L_variance', 'a_variance', 'b_variance'],100,
0.6507251957716876,5, ['L', 'a', 'b', 'L_mf', 'a_mf', 'b_mf', 'entropy'],10,,,,,,
0.6474396746581976,5, ['L', 'a', 'b', 'L_mf', 'a_mf', 'b_mf', 'entropy'],5,,,,,,
0.6463153379193315,5, ['L', 'a', 'b', 'L_mf', 'a_mf', 'b_mf', 'entropy'],25,,,,,,
0.6460234230061298,15, ['L', 'a', 'b', 'L_mf', 'a_mf', 'b_mf', 'L_edge', 'a_edge', 'b_edge', 'L_variance', 'a_variance', 'b_variance', 'entropy'],300
0.6460075433151712,15, ['L', 'a', 'b', 'L_mf', 'a_mf', 'b_mf', 'L_edge', 'a_edge', 'b_edge', 'L_variance', 'a_variance', 'b_variance'],300,
0.6358361292188945,5, ['L', 'a', 'b', 'L_mf', 'a_mf', 'b_mf', 'entropy'],50,,,,,,
0.6311034191484114,5, ['L', 'a', 'b', 'L_mf', 'a_mf', 'b_mf'],10,,,,,,,
0.6284088718693273,5, ['L', 'a', 'b', 'L_mf', 'a_mf', 'b_mf'],5,,,,,,,
0.6273634821137808,5, ['L', 'a', 'b', 'L_mf', 'a_mf', 'b_mf', 'L_variance', 'a_variance', 'b_variance'],25,,,,
0.6273194117959028,5, ['L', 'a', 'b', 'L_mf', 'a_mf', 'b_mf', 'L_variance', 'a_variance', 'b_variance', 'entropy'],25,,,
0.6266452697590513,5, ['L', 'a', 'b', 'L_mf', 'a_mf', 'b_mf', 'L_variance', 'a_variance', 'b_variance', 'entropy'],50,,,
0.6266437023305025,5, ['L', 'a', 'b', 'L_mf', 'a_mf', 'b_mf'],25,,,,,,,
0.6265475340226689,5, ['L', 'a', 'b', 'L_mf', 'a_mf', 'b_mf', 'L_variance', 'a_variance', 'b_variance'],50,,,,
0.6242750818106861,5, ['L', 'a', 'b', 'L_mf', 'a_mf', 'b_mf', 'entropy'],100,,,,,,
0.6233591687034509,5, ['L', 'a', 'b', 'L_mf', 'a_mf', 'b_mf', 'L_variance', 'a_variance', 'b_variance', 'entropy'],100,,,
0.6233254553156216,5, ['L', 'a', 'b', 'L_mf', 'a_mf', 'b_mf', 'L_variance', 'a_variance', 'b_variance'],100,,,,
0.6226454493857944,5, ['L', 'a', 'b', 'L_mf', 'a_mf', 'b_mf', 'L_variance', 'a_variance', 'b_variance', 'entropy'],10,,,
0.6225812390676834,5, ['L', 'a', 'b', 'L_mf', 'a_mf', 'b_mf', 'L_variance', 'a_variance', 'b_variance'],10,,,,
0.6174374437774314,5, ['L', 'a', 'b', 'L_mf', 'a_mf', 'b_mf'],50,,,,,,,
0.6152857112157676,5, ['L', 'a', 'b', 'L_mf', 'a_mf', 'b_mf', 'L_variance', 'a_variance', 'b_variance'],300,,,,
0.6152772578408228,5, ['L', 'a', 'b', 'L_mf', 'a_mf', 'b_mf', 'L_variance', 'a_variance', 'b_variance', 'entropy'],300,,,
0.6082703847305237,5, ['L', 'a', 'b', 'L_mf', 'a_mf', 'b_mf', 'L_variance', 'a_variance', 'b_variance', 'entropy'],5,,,
0.6082490389873543,5, ['L', 'a', 'b', 'L_mf', 'a_mf', 'b_mf', 'L_variance', 'a_variance', 'b_variance'],5,,,,
0.6068966694331778,5, ['L', 'a', 'b', 'L_mf', 'a_mf', 'b_mf'],100,,,,,,,
0.5991697428857143,5, ['L', 'a', 'b', 'L_mf', 'a_mf', 'b_mf', 'entropy'],300,,,,,,
0.5985726484961362,5, ['L', 'a', 'b', 'L_mf', 'a_mf', 'b_mf', 'L_edge', 'a_edge', 'b_edge', 'L_variance', 'a_variance', 'b_variance', 'entropy'],25
0.5985630309268777,5, ['L', 'a', 'b', 'L_mf', 'a_mf', 'b_mf', 'L_edge', 'a_edge', 'b_edge', 'L_variance', 'a_variance', 'b_variance'],25,
0.5971620875413032,5, ['L', 'a', 'b', 'L_mf', 'a_mf', 'b_mf', 'L_edge', 'a_edge', 'b_edge', 'L_variance', 'a_variance', 'b_variance'],50,
0.5971457652315014,5, ['L', 'a', 'b', 'L_mf', 'a_mf', 'b_mf', 'L_edge', 'a_edge', 'b_edge', 'L_variance', 'a_variance', 'b_variance', 'entropy'],50
0.5939208971345659,5, ['L', 'a', 'b', 'L_mf', 'a_mf', 'b_mf', 'L_edge', 'a_edge', 'b_edge', 'L_variance', 'a_variance', 'b_variance', 'entropy'],100
0.5939005017705976,5, ['L', 'a', 'b', 'L_mf', 'a_mf', 'b_mf', 'L_edge', 'a_edge', 'b_edge', 'L_variance', 'a_variance', 'b_variance'],100,
0.5935691180041038,5, ['L', 'a', 'b', 'L_mf', 'a_mf', 'b_mf', 'L_edge', 'a_edge', 'b_edge', 'L_variance', 'a_variance', 'b_variance'],10,
0.5935602432097907,5, ['L', 'a', 'b', 'L_mf', 'a_mf', 'b_mf', 'L_edge', 'a_edge', 'b_edge', 'L_variance', 'a_variance', 'b_variance', 'entropy'],10
0.5918455708829335,5, ['L', 'a', 'b', 'L_mf', 'a_mf', 'b_mf'],300,,,,,,,
0.5908674882218414,5, ['L', 'a', 'b', 'L_mf', 'a_mf', 'b_mf', 'L_edge', 'a_edge', 'b_edge', 'entropy'],25,,,
0.5906462731025269,5, ['L', 'a', 'b', 'L_mf', 'a_mf', 'b_mf', 'L_edge', 'a_edge', 'b_edge'],25,,,,
0.5906257875824084,5, ['L', 'a', 'b', 'L_mf', 'a_mf', 'b_mf', 'L_edge', 'a_edge', 'b_edge', 'entropy'],50,,,
0.5905172653310793,5, ['L', 'a', 'b', 'L_mf', 'a_mf', 'b_mf', 'L_edge', 'a_edge', 'b_edge'],50,,,,
0.5865909464005645,5, ['L', 'a', 'b', 'L_mf', 'a_mf', 'b_mf', 'L_edge', 'a_edge', 'b_edge', 'entropy'],100,,,
0.5864793706114478,5, ['L', 'a', 'b', 'L_mf', 'a_mf', 'b_mf', 'L_edge', 'a_edge', 'b_edge'],100,,,,
0.5859161862833101,5, ['L', 'a', 'b', 'L_mf', 'a_mf', 'b_mf', 'L_edge', 'a_edge', 'b_edge', 'entropy'],10,,,
0.5856279820490978,5, ['L', 'a', 'b', 'L_mf', 'a_mf', 'b_mf', 'L_edge', 'a_edge', 'b_edge'],10,,,,
0.5838911600482799,5, ['L', 'a', 'b', 'L_mf', 'a_mf', 'b_mf', 'L_edge', 'a_edge', 'b_edge', 'L_variance', 'a_variance', 'b_variance', 'entropy'],300
0.5838906064689972,5, ['L', 'a', 'b', 'L_mf', 'a_mf', 'b_mf', 'L_edge', 'a_edge', 'b_edge', 'L_variance', 'a_variance', 'b_variance'],300,
0.5797021822284735,5, ['L', 'a', 'b', 'L_mf', 'a_mf', 'b_mf', 'L_edge', 'a_edge', 'b_edge', 'L_variance', 'a_variance', 'b_variance', 'entropy'],5
0.5796352174010658,5, ['L', 'a', 'b', 'L_mf', 'a_mf', 'b_mf', 'L_edge', 'a_edge', 'b_edge', 'L_variance', 'a_variance', 'b_variance'],5,
0.5750576651288892,5, ['L', 'a', 'b', 'L_mf', 'a_mf', 'b_mf', 'L_edge', 'a_edge', 'b_edge', 'entropy'],300,,,
0.5749962024393037,5, ['L', 'a', 'b', 'L_mf', 'a_mf', 'b_mf', 'L_edge', 'a_edge', 'b_edge'],300,,,,
0.5699880480089687,5, ['L', 'a', 'b', 'L_mf', 'a_mf', 'b_mf', 'L_edge', 'a_edge', 'b_edge', 'entropy'],5,,,
0.5691126533652542,5, ['L', 'a', 'b', 'L_mf', 'a_mf', 'b_mf', 'L_edge', 'a_edge', 'b_edge'],5,,,,
